{
  "$schema": "https://developer.microsoft.com/json-schemas/spfx-build/package-solution.schema.json",
  "solution": {
    "name": "react-application-injectcss-client-side-solution",
    "id": "1a07c460-c268-4569-beff-579c18de692b",
    "version": "1.2.0.0",
    "includeClientSideAssets": true,
    "skipFeatureDeployment": true,
    "isDomainIsolated": false,
    "features": [
      {
        "title": "Inject CSS Application Extension",
        "description": "Injects custom CSS to make minor style modifications to SharePoint Online",
        "id": "0ae57eb6-3fff-45f6-8cdf-c91d38095bf2",
        "version": "1.2.0.0",
        "assets": {
          "elementManifests": [
            "elements.xml",
            "clientsideinstance.xml"
          ]
        }
      }
    ]
  },
  "paths": {
    "zippedPackage": "solution/react-application-injectcss.sppkg"
  }
}
